Name,id,Country,top_pit_prov,top_pit,pit_300k_state,pit_300k_fed,pit_300k,GDP,Exports,Imports,Exp_US_CDN_Trade_2022,Imp_US_CDN_Trade_2022,gdp_2017,gdp_2018,gdp_2019,gdp_2022,gdp_2023,gdp_2024,pop_2017,pop_2018,pop_2019,pop_2020,pop_2022,pop_2023,pop_2024,pop_2025,cadusd_2022,cadusd_2017,cadusd_2018,ppp_2016,ppp_2018,ppp_2019,ppp_2022,ppp_2023,ppp_2024,medianHH_2016,fed_rev_2017,fed_rev_2019,fed_exp_2017,fed_exp_2018,fed_exp_2019,fed_rev_2023,fed_exp_2023,fed_rev_2024,fed_exp_2024,int_trade_share_2019,covid_cases,gdp_growth_2020
Newfoundland and Labrador,CA-NL,Canada,0.218,0.548,,0.33,0.538,30732.1,4970.856901,1286.419288,7225.615447,706.8403,33690,33961,35349,40720,40363,42219,528249,525560,523476,522103,525972,538789,546869,549911,1.3497,1.2986,1.2957,1.207,1.198,1.194,1.254,1.14,1.15,67272,4677,4833,6298,6302,6857,5512,8684,6142,9976,0.25,0.47,-5.3
Prince Edward Island,CA-PE,Canada,0.1875,0.5175,,0.33,0.5175,6414.882,925.485415,30.233225,1551.663182,30.843836,6790,7033,7523,9376,10134,10889,150402,153396,157262,159625,170688,173734,179709,182657,1.3497,1.2986,1.2957,1.207,1.198,1.194,1.254,1.14,1.15,61163,983,1098,2265,2392,2609,1504,3354,1631,3853,0.43,0.45,-3
Nova Scotia,CA-NS,Canada,0.21,0.54,,0.33,0.54,41069.725,3653.677549,1039.369539,4333.688838,666.439326,43314,44877,46586,54383,60487,65338,950108,958406,969747,979351,1019725,1053005,1082769,1093245,1.3497,1.2986,1.2957,1.207,1.198,1.194,1.254,1.14,1.15,60764,6704,7330,13436,14171,15015,9568,20111,10170,22038,0.32,6.33,-3.2
New Brunswick,CA-NB,Canada,0.195,0.525,,0.33,0.525,33911.352,9750.616736,4105.954074,17373.49975,10210.49314,35828,37105,38236,44501,46463,48302,766621,770301,776868,781476,812061,831103,858293,869682,1.3497,1.2986,1.2957,1.207,1.198,1.194,1.254,1.14,1.15,59347,5143,5599,10000,10308,10965,7284,14772,7664,16370,0.33,1.57,-3.7
Quebec,CA-QC,Canada,0.2031,0.5331,,0.33,0.5331,392782.132,57048.21633,23875.41782,82436.76443,34014.11513,418674,441388,460357,545594,582495,616771,8302063,8401738,8501703,8574571,8695659,8821696,8995474,9058297,1.3497,1.2986,1.2957,1.207,1.198,1.194,1.254,1.14,1.15,59822,55608,64142,71077,72884,77620,81144,102435,84417,111064,0.15,12.15,-5.3
Ontario,CA-ON,Canada,0.1316,0.5353,,0.33,0.5353,797623.42,206585.8409,189068.2529,176788.5086,232159.6689,824979,859079,891811,1048258,1138592,1197020,14070141,14308697,14544718,14734014,15109416,15632481,16144797,16258260,1.3497,1.2986,1.2957,1.207,1.198,1.194,1.254,1.14,1.15,74287,131110,146445,111126,116355,125150,193713,172558,204133,218578,0.13,25.68,-5
Manitoba,CA-MB,Canada,0.174,0.504,,0.33,0.504,67771.998,9178.155732,15255.54786,15300.08792,21463.27796,71285,73086,73814,86531,93045,96125,1334790,1352825,1369540,1379263,1409223,1453202,1492144,1509702,1.3497,1.2986,1.2957,1.207,1.198,1.194,1.254,1.14,1.15,68147,9571,10852,14105,14854,15948,13416,23365,14170,26079,0.3,16.39,-4.8
Saskatchewan,CA-SK,Canada,0.145,0.475,,0.33,0.475,76000.155,12884.67536,7488.333346,29315.6108,12280.37616,80257,82847,82917,114412,112895,112839,1150331,1161767,1172302,1178681,1194803,1210257,1247868,1266959,1.3497,1.2986,1.2957,1.207,1.198,1.194,1.254,1.14,1.15,75412,9662,10791,10168,10638,11572,14389,16513,14276,21707,0.32,20.98,-5.2
Alberta,CA-AB,Canada,0.15,0.48,,0.33,0.47,307826.319,68057.74522,16360.25378,183875.4753,26396.78959,332256,343705,352884,459288,451008,473937,4241100,4298275,4361694,4421876,4543111,4688576,4909030,5029346,1.3497,1.2986,1.2957,1.207,1.198,1.194,1.254,1.14,1.15,93835,43869,49616,29293,29755,31814,66747,48044,73354,54354,0.21,36.99,-8.2
British Columbia,CA-BC,Canada,0.205,0.535,,0.33,0.535,262730.031,21188.62291,19695.26336,37367.55266,26581.99785,282283,296135,309059,395215,414465,429089,4929384,5010476,5090955,5147712,5319324,5515296,5671114,5697536,1.3497,1.2986,1.2957,1.207,1.198,1.194,1.254,1.14,1.15,69995,43534,49661,35304,36915,39950,65710,54294,68893,60766,0.19,17.03,-3.8
Yukon,CA-YT,Canada,0.15,0.48,,0.33,0.458,,,,191.52871,48.993846,2883,3056,3157,3930,4182,4349,39669,40613,41477,42052,43789,45419,47595,48278,1.3497,1.2986,1.2957,1.207,1.198,1.194,1.254,1.14,1.15,84521,361,404,1482,1562,1659,539,2434,579,2690,0.39,1.02,1.1
Northwest Territories,CA-NT,Canada,0.1405,0.4705,,0.33,0.4705,,,,2.550513,41.893419,4627,4738,4542,5574,5346,5123,44891,44981,45028,45161,45605,44614,45257,45950,1.3497,1.2986,1.2957,1.207,1.198,1.194,1.254,1.14,1.15,117688,531,530,2191,2258,2485,625,2944,651,3191,0.51,1.9,-10.4
Nunavut,CA-NU,Canada,0.115,0.445,,0.33,0.445,,,,0.357489,15.402831,3031,3353,3689,4753,4899,5668,37546,38143,38614,39353,40526,40916,41410,41830,1.3497,1.2986,1.2957,1.207,1.198,1.194,1.254,1.14,1.15,97441,327,364,1936,2008,2101,456,2681,470,2899,0.52,17.79,3.5
Alabama,US-AL,USA,0.05,0.42,0.05,0.35,0.4,204861,4134.50684,2075.586705,3837.086036,4998.212857,210895.7,221030.7,228142.6,281569,309543.8,325345.1,4877989,4891628,4907965,4921532,5074296,5117850,5163055,5193088,1,1,1,1,1,1,1,1,1,45182,33122,26511.031,65751,,,44556,97106,37658.414,66406.33572,,3.542857143,-2.7
Alaska,US-AK,USA,0,0.37,0,0.35,0.35,50713,484.80817,481.549881,1261.365141,1127.367249,51737,54292.9,54385.6,65699,68232.7,71567.2,740983,736624,733603,731158,733583,734654,736537,737270,1,1,1,1,1,1,1,1,1,74165,7772,5395.473,12986,,,8626,19497,7275.928,16692.23762,,17.75714286,-4.9
Arizona,US-AZ,USA,0.025,0.395,0.025,0.35,0.375,302952,2138.74703,1321.931311,2777.91939,1958.987517,330146.6,350718.3,370119.1,475654,530105,570088.6,7048088,7164228,7291843,7421401,7359197,7452073,7556424,7623818,1,1,1,1,1,1,1,1,1,52062,51727,47743.166,82812,,,80987,134759,78552.869,98773.30441,,9.842857143,-0.9
Arkansas,US-AR,USA,0.02,0.39,0.02,0.35,0.37,120689,1163.509074,752.522748,1342.947355,1627.825299,122978.5,127761.3,130954.1,165989,178114.8,188339.6,3003855,3012161,3020985,3030522,3045637,3069856,3096080,3114791,1,1,1,1,1,1,1,1,1,42530,19867,30572.215,35129,,,26656,49186,42184.263,31737.33704,,6.1,-2.6
California,US-CA,USA,0.133,0.503,0.113,0.35,0.463,2602672,16237.08003,27784.55672,29960.63252,20341.52501,2831038.4,2975083,3132800.6,3641643,3827007.3,4048108.1,39337785,39437463,39437610,39368078,39029342,39181667,39364774,39355309,1,1,1,1,1,1,1,1,1,65087,435637,472027.235,436092,,,598206,611610,805650.731,444785.4762,,4.657142857,-2.8
Colorado,US-CO,USA,0.044,0.414,0.044,0.35,0.394,323692,1356.83707,2764.779196,8057.984317,1931.936426,348175.5,372452.9,392986,491289,533268.6,557633,5617421,5697155,5758486,5807719,5839926,5912240,5988502,6012561,1,1,1,1,1,1,1,1,1,64598,57991,59961.429,57458,,,86611,92811,86744.001,63514.86794,,30.35714286,-1.5
Connecticut,US-CT,USA,0.0699,0.4399,0.069,0.35,0.419,263379,1636.082481,2902.088314,5143.233908,2699.126049,272569.9,279782.3,287822.2,319345,341851.8,356834.9,3575324,3574561,3566022,3557006,3626205,3641369,3674449,3688496,1,1,1,1,1,1,1,1,1,72121,55482,57092.781,41129,,,66454,77154,69406.258,120666.4045,,20.84285714,-4.1
Delaware,US-DE,USA,0.066,0.436,0.066,0.35,0.416,70387,544.196599,437.793014,1737.861026,501.084587,69899.4,74186.7,77082.4,90208,103332.5,110971.8,957942,966985,976668,986809,1018396,1035354,1050123,1059952,1,1,1,1,1,1,1,1,1,61882,8764,20073.979,11546,,,12623,18178,20531.131,11168.64978,,27.81428571,-3.9
District of Columbia,US-DC,USA,0.1075,0.4775,0.0925,0.35,0.4425,126815,9.050915,68.20262,91.680745,6.416961,132853.6,138773.5,143389.3,165061,174250.7,184298,697079,704147,708253,712816,671803,682559,691310,693645,1,1,1,1,1,1,1,1,1,75991,,27529.823,,,,,,45243.625,,,12.18571429,-1.5
Florida,US-FL,USA,0,0.37,0,0.35,0.35,926817,3501.535932,4293.435178,6724.424674,4923.086652,990096.6,1050298.4,1106500.1,1439065,1624642.3,1726709.9,20977089,21254926,21492056,21733312,22244823,22929248,23265838,23462518,1,1,1,1,1,1,1,1,1,49852,191768,210024.433,237654,,,318706,377664,325423.855,287002.2511,,25.25714286,-2.9
Georgia,US-GA,USA,0.0549,0.4249,0.0549,0.35,0.4049,525360,5856.142815,3996.771018,7035.727853,6929.544195,568398.9,602023.9,625713.6,767378,835755.3,881508.2,10417031,10519389,10628020,10710017,10912876,11063669,11204208,11302748,1,1,1,1,1,1,1,1,1,51753,81039,94305.868,104541,,,118910,162629,144811.636,93921.80762,,12.65714286,-2.5
Hawaii,US-HI,USA,0.11,0.48,0.11,0.35,0.46,83917,66.207842,229.51955,139.903255,27.513779,89618.6,93100.5,95744.3,101083,111740.2,117627.4,1425763,1423102,1415615,1407006,1440196,1434950,1434952,1432820,1,1,1,1,1,1,1,1,1,74451,12405,9246.293,19929,,,16299,31131,11402.789,22022.37123,,5.371428571,-8
Idaho,US-ID,USA,0.058,0.428,0.058,0.35,0.408,67275,939.364619,998.811862,1821.10903,2063.048554,73286.5,79090.8,83665.5,110871,120588.1,129018.2,1719745,1752074,1789060,1826913,1939033,1970497,2000872,2029733,1,1,1,1,1,1,1,1,1,48728,11565,11343.181,17451,,,20251,28513,17919.35,21427.59521,,12.38571429,-1.1
Illinois,US-IL,USA,0.0495,0.4195,0.0495,0.35,0.3995,791608,15947.84366,25316.86939,91272.15385,25360.07531,823776.2,863039.5,885583,1025667,1100794.1,1148106.1,12779893,12724685,12667017,12587530,12582032,12633389,12703033,12719141,1,1,1,1,1,1,1,1,1,60094,136409,162274.617,131755,,,169960,180297,222034.635,127758.5267,,21.35714286,-4
Indiana,US-IN,USA,0.0305,0.4005,0.0305,0.35,0.3805,341909,11511.89891,7277.434245,14570.32657,18398.82559,350436.3,368424.5,379684.1,470324,496849.5,519516.5,6662068,6698481,6731010,6754953,6833037,6881373,6934754,6973333,1,1,1,1,1,1,1,1,1,50896,52053,60627.045,67780,,,69367,99743,83926.517,191876.6403,,14.51428571,-3.1
Iowa,US-IA,USA,0.057,0.427,0.057,0.35,0.407,178766,3368.834478,2449.392582,6163.963253,6117.034666,182151.3,190147,194658.1,238342,253166.5,265794.5,3143734,3149900,3159596,3163561,3200517,3214739,3230454,3238387,1,1,1,1,1,1,1,1,1,55172,26443,24914.602,29919,,,34238,45440,35596.231,32337.24811,,12.44285714,-2.3
Kansas,US-KS,USA,0.057,0.427,0.057,0.35,0.407,153258,1787.703284,1629.352306,2150.999124,3167.951087,163968.3,171718.8,176493.1,209326,224851.3,230522.1,2910892,2912748,2912635,2913805,2937150,2949749,2965252,2977220,1,1,1,1,1,1,1,1,1,54520,25521,26337.911,31297,,,32081,43592,31359.032,27819.43279,,6.271428571,-3
Kentucky,US-KY,USA,0,0.37,0,0.35,0.35,197043,7477.806554,3469.515294,6376.256292,10111.43742,200345.5,207849.4,215398.9,258981,283267.7,295375.3,4455590,4464273,4472345,4477251,4512310,4549953,4584046,4606864,1,1,1,1,1,1,1,1,1,45541,30075,35595.05,70808,,,38367,87574,50185.72,163002.0193,,11.94285714,-3.7
Louisiana,US-LA,USA,0.0425,0.4125,0.0425,0.35,0.3925,235109,2682.282128,1481.075021,4691.191711,5500.526813,235712.2,253236.1,256918.5,291952,318044.3,329172.8,4673673,4664450,4658285,4645318,4590241,4598777,4614878,4618189,1,1,1,1,1,1,1,1,1,46106,34281,39430.322,52011,,,40110,80411,41884.661,56324.64004,,9.757142857,-5.5
Maine,US-ME,USA,0.0715,0.4415,0.0715,0.35,0.4215,59275,1365.863677,1707.713617,7471.340763,2216.486559,61671.5,64557,67717.1,85801,93743.8,99174.1,1335743,1340123,1345770,1350141,1385340,1401992,1408438,1414874,1,1,1,1,1,1,1,1,1,52111,9995,8130.883,17438,,,14507,27305,12168.858,21038.12214,,23.64285714,-4.1
Maryland,US-MD,USA,0.0575,0.4275,0.0575,0.35,0.4075,378280,1457.972863,1860.251496,4310.720808,1266.821528,399737.6,411619.1,426747.4,480113,515035.9,546028.4,6028186,6042153,6054954,6055802,6164660,6204927,6245314,6265347,1,1,1,1,1,1,1,1,1,76596,68531,78473.276,105055,,,87702,168752,107444.691,114662.4794,,15.84285714,-2.6
Massachusetts,US-MA,USA,0.09,0.46,0.05,0.35,0.4,507913,3107.229882,7231.09111,17197.96759,3861.160942,539973.4,570464.2,596593.1,691461,737867.4,778523.4,6863560,6885720,6894883,6893574,6981974,7073479,7138560,7154084,1,1,1,1,1,1,1,1,1,71146,94805,120035.203,78730,,,126348,119514,156520.223,102055.7319,,17.32857143,-3.8
Michigan,US-MI,USA,0.0425,0.4125,0.0425,0.35,0.3925,487239,23712.09183,48259.99028,54918.70444,33736.74467,501914.9,521803.4,536888.3,622563,676030.8,702466.9,9976752,9987286,9984795,9966555,10034113,10062124,10099962,10127884,1,1,1,1,1,1,1,1,1,51584,83711,81583.48,108359,,,106515,152742,108565.033,119415.507,,48.62857143,-5.4
Minnesota,US-MN,USA,0.0985,0.4685,0.0985,0.35,0.4485,335147,4059.802755,7490.11232,22712.11741,12233.02879,353416.4,371929.7,383777,448032,483222,507687.8,5569283,5608762,5640053,5657342,5717184,5752998,5797405,5830405,1,1,1,1,1,1,1,1,1,64188,59051,102642.589,64402,,,76385,81029,122269.773,211559.6861,,29.55714286,-3.7
Mississippi,US-MS,USA,0.047,0.417,0.047,0.35,0.397,107680,2185.698049,908.718025,2535.958847,1946.322947,109431.1,113578.5,115971.3,139976,151511.9,158192.4,2990674,2982879,2978227,2966786,2940057,2942470,2950172,2954160,1,1,1,1,1,1,1,1,1,40910,17224,11273.202,37755,,,21934,56410,15189.91,37121.49276,,8.042857143,-2.8
Missouri,US-MO,USA,0.048,0.418,0.048,0.35,0.398,300891,5233.956463,2956.380003,9708.13754,7280.602762,305471.4,317949.1,328400.6,396890,428887.3,448713.7,6111382,6125986,6140475,6151548,6177957,6205956,6243544,6270541,1,1,1,1,1,1,1,1,1,50642,48127,64149.074,72271,,,63540,107931,93231.884,92399.25811,,10.55714286,-3.6
Montana,US-MT,USA,0.059,0.429,0.059,0.35,0.409,45994,634.888265,2877.021221,9714.439826,989.266199,47946.9,50692.3,52934.6,67072,74690.3,78441,1053862,1061818,1070123,1080577,1122867,1130612,1137557,1144694,1,1,1,1,1,1,1,1,1,49924,8233,6356.727,12233,,,13297,18873,10688.526,14486.91048,,12.14285714,-3
Nebraska,US-NE,USA,0.0584,0.4284,0.0584,0.35,0.4084,115345,1217.682866,724.211926,1916.172394,2350.538493,120949.7,124705.4,130011.8,164934,183780.9,189242.7,1916998,1925512,1932571,1937552,1967923,1988172,2005591,2018006,1,1,1,1,1,1,1,1,1,55474,18051,25551.082,17736,,,24103,28778,43963.441,23297.15179,,13.54285714,-2.1
Nevada,US-NV,USA,0,0.37,0,0.35,0.35,147475,1378.338975,905.123753,2187.02724,1582.761933,158502.8,169179.6,178199.4,222939,253443.3,269010.5,2972097,3030725,3090771,3138259,3177772,3211077,3253543,3282188,1,1,1,1,1,1,1,1,1,53320,25252,23769.524,28671,,,41462,48277,38034.564,31347.37247,,12.85714286,-4.6
New Hampshire,US-NH,USA,0,0.37,0,0.35,0.35,77855,559.469823,4274.329282,2933.947247,876.704561,80838.4,84584.1,87634.1,105025,114427.8,119336.6,1350395,1355064,1360783,1366275,1395231,1401530,1408518,1415342,1,1,1,1,1,1,1,1,1,70813,15307,12208.656,14993,,,21981,22013,17032.034,16191.92687,,22.58571429,-4.7
New Jersey,US-NJ,USA,0.014,0.384,0.014,0.35,0.364,581122,6346.982737,7332.291218,12211.78687,6995.538734,590696.6,612979.3,634783.6,754948,806894,846000.4,8888147,8891730,8891258,8882371,9261699,9395315,9506354,9548215,1,1,1,1,1,1,1,1,1,73242,119009,140258.435,97682,,,153777,134912,183225.841,88343.61072,,25.95714286,-4.1
New Mexico,US-NM,USA,0.059,0.429,0.059,0.35,0.409,93297,138.726356,259.74378,609.534774,156.939706,94456.7,100079.9,105143.4,125541,138526,147084.9,2092844,2093754,2099634,2106319,2113344,2119349,2126774,2125498,1,1,1,1,1,1,1,1,1,45710,13520,9270.398,31669,,,17975,52292,12851.255,40199.86707,,9.414285714,-3.1
New York,US-NY,USA,0.109,0.479,0.0685,0.35,0.4185,1487998,15029.79622,17615.87746,28469.91268,27031.75499,1608890.2,1705010.2,1772260.7,2048403,2182549,2322138.9,19593849,19544098,19463131,19336776,19677151,19786543,20001419,20002427,1,1,1,1,1,1,1,1,1,61311,256183,304992.923,220622,,,318666,331966,384447.3,253125.7926,,20.12857143,-5.9
North Carolina,US-NC,USA,0.045,0.415,0.045,0.35,0.395,517904,6407.201546,3350.652471,5931.22763,8698.387549,541040.7,567451.7,591600.9,715968,794838,844209,10275758,10391358,10501384,10600823,10698973,10871849,11052061,11197968,1,1,1,1,1,1,1,1,1,48420,78585,87778.099,113081,,,117556,169878,125034.536,109163.191,,17.25714286,-2.5
North Dakota,US-ND,USA,0.025,0.395,0.025,0.35,0.375,52089,4382.230358,1363.166141,3332.277937,4933.622362,52607.1,56286.8,57180.9,72651,77898.1,80058.3,756755,760062,763724,765309,779261,787071,793387,799358,1,1,1,1,1,1,1,1,1,60944,8433,6639.943,7889,,,9895,12094,9748.917,90199.32279,,17.54285714,-3.5
Ohio,US-OH,USA,0.035,0.405,0.035,0.35,0.385,625715,19212.80792,11532.81129,21732.54891,24459.34788,642351.4,675029.7,695361.6,825990,883957.1,923140.6,11665706,11680892,11696507,11693217,11756058,11808390,11860621,11900510,1,1,1,1,1,1,1,1,1,51610,93627,144704.811,125689,,,119706,179716,207340.271,116459.6222,,13.02857143,-4
Oklahoma,US-OK,USA,0.0475,0.4175,0.0475,0.35,0.3975,182937,1399.357739,2541.719499,12708.11845,2265.709982,185485.6,198595.8,202036.1,242739,255933.2,263695.1,3933602,3943488,3960676,3980783,4019800,4062716,4097758,4123288,1,1,1,1,1,1,1,1,1,49062,29389,29133.375,45057,,,36068,68973,39273.941,46675.54822,,6.057142857,-6.1
Oregon,US-OR,USA,0.099,0.469,0.099,0.35,0.449,226821,2153.913381,2480.07004,7090.574341,3180.207104,227042.2,241978.1,253623.2,297309,314895,330250.1,4147294,4183538,4216116,4241507,4240137,4250392,4265324,4273586,1,1,1,1,1,1,1,1,1,54748,35412,35041.125,45676,,,50119,68790,41976.824,54354.94148,,19.92857143,-2.8
Pennsylvania,US-PA,USA,0.0307,0.4007,0.0307,0.35,0.3807,724936,9989.535018,9994.794986,18092.77161,13077.91455,745140.8,778374.6,808737.5,911813,966444,1007873.9,12794679,12809107,12798883,12783254,12972008,13009406,13045848,13059432,1,1,1,1,1,1,1,1,1,56207,126416,141973.579,155850,,,159133,221951,179329.991,266734.3608,,28.48571429,-4.4
Rhode Island,US-RI,USA,0.0599,0.4299,0.0599,0.35,0.4099,57433,530.684642,405.472009,1576.103855,680.308452,58117.2,59924.6,61883.8,72771,76313.5,80381.1,1056554,1059338,1058158,1057125,1093734,1101183,1110415,1114521,1,1,1,1,1,1,1,1,1,58826,10232,14325.645,12593,,,13726,18986,18933.872,14485.89382,,25.11428571,-4.5
South Carolina,US-SC,USA,0,0.37,0,0.35,0.35,209716,3478.350303,2939.507707,4726.821315,4911.322819,223414,235286.9,247543.8,297546,332946.8,357074.4,5027102,5091702,5157702,5218040,5282634,5390798,5490316,5570274,1,1,1,1,1,1,1,1,1,47790,34577,27885.047,59740,,,52633,95337,39877.104,130335.6404,,14.01428571,-4.1
South Dakota,US-SD,USA,0,0.37,0,0.35,0.35,48139,454.35308,361.494408,913.408903,1168.15989,50342.9,53239,54940.9,68782,74458.8,76795.8,873732,879386,887127,892717,909824,917739,927110,935094,1,1,1,1,1,1,1,1,1,53746,8024,8029.363,9250,,,11143,14473,12770.286,10973.52407,,14.01428571,-1.7
Tennessee,US-TN,USA,0,0.37,0,0.35,0.35,328770,8722.251686,5148.091569,9511.268505,9342.57335,346283,362737.1,376582.4,485657,531246.8,561201.2,6714748,6778180,6830325,6886834,7051339,7153029,7251291,7315076,1,1,1,1,1,1,1,1,1,47818,52163,69769.299,76278,,,77004,109807,100928.664,106874.4361,,16.07142857,-4.9
Texas,US-TX,USA,0,0.37,0,0.35,0.35,1616801,19960.12102,15228.38568,42282.8166,38527.32117,1665428,1795635.1,1843802.7,2402137,2637237.6,2769766.2,28291024,28624564,28986794,29360759,30029572,30719247,31318578,31709821,1,1,1,1,1,1,1,1,1,56139,260391,292330.171,268985,,,378584,458576,417434.723,271581.4029,,10.14285714,-3.5
Utah,US-UT,USA,0.0465,0.4165,0.0465,0.35,0.3965,156352,1323.009864,2002.930277,3257.593252,1849.391383,167613.4,181622.7,192519.2,256370,283230.8,299471.3,3103540,3155153,3203383,3249879,3380800,3449259,3502983,3538904,1,1,1,1,1,1,1,1,1,63794,22979,24335.082,23896,,,39223,42896,38295.614,30507.56917,,12.17142857,-0.1
Vermont,US-VT,USA,0.0875,0.4575,0.0875,0.35,0.4375,31092,1187.548714,2560.157648,3678.003016,778.967108,32040.7,32981,34013.4,40831,43931.6,46276.1,625132,624802,624046,623347,647064,647722,646521,644663,1,1,1,1,1,1,1,1,1,57565,5643,4505.097,7976,,,7545,11151,6048.626,8692.423911,,11.67142857,-5.4
Virginia,US-VA,USA,0.0575,0.4275,0.0575,0.35,0.4075,494349,2906.016207,1919.69625,3525.604882,3611.04124,511876.3,533510.4,556905.2,663106,722767.4,761733.8,8471011,8510920,8556642,8590563,8683619,8732034,8819642,8880107,1,1,1,1,1,1,1,1,1,66916,89533,83574.427,176785,,,119365,264800,122266.29,189054.463,,12.62857143,-2.5
Washington,US-WA,USA,0,0.37,0,0.35,0.35,469739,7035.406237,12631.23528,30151.79398,11653.83843,527707.5,575416.7,612996.5,738101,801455.5,856013.6,7427951,7526793,7614024,7693612,7785786,7838655,7927958,8001020,1,1,1,1,1,1,1,1,1,64764,81890,100609.767,80524,,,123772,123718,161329.983,85238.43356,,18.37142857,-0.7
West Virginia,US-WV,USA,0.0512,0.4212,0.0512,0.35,0.4012,73374,1536.924513,1125.905481,1912.327166,2253.036939,72853.1,77632.5,78863.9,97417,101479.9,106475.1,1818683,1805953,1795263,1784787,1775156,1770036,1767402,1766147,1,1,1,1,1,1,1,1,1,42620,11329,7039.939,24554,,,13707,35183,8694.057,23933.32346,,19.01428571,-5.5
Wisconsin,US-WI,USA,0.0765,0.4465,0.053,0.35,0.403,309536,6607.172504,4074.676751,7758.367563,10518.9726,320610,337553.1,349416.5,396209,431913.9,453298.6,5793147,5809319,5824581,5832655,5892539,5930350,5957168,5972787,1,1,1,1,1,1,1,1,1,56115,52307,52872.51,55411,,,67879,84999,71776.847,111527.5843,,12.25714286,-4.5
Wyoming,US-WY,USA,0,0.37,0,0.35,0.35,37858,186.189852,541.336111,1346.537457,369.347269,37271.2,39703.2,40420.1,49081,51350.1,51498.1,579994,579054,580116,582328,581381,584666,586722,588753,1,1,1,1,1,1,1,1,1,60570,6732,4743.997,7121,,,8758,10640,7669.217,6533.297652,,10.54285714,-7
